Day,Person,Menu1,Menu2,Menu3,Menu4,Menu5,Menu6,Menu7,Menu8
mon,225,흑미밥,냉이된장국,불맛제육볶음,한식잡채,시금치깨소금무침,포기김치,양상추샐러드,삼색송편
tue,178,강낭콩밥,얼큰콩나물국,삼치엿장구이,달걀맛살찜,봄동겉절이,포기김치,그린샐러드,귤
wed,145,차조밥,경상도소고기국,청양달걀장조림,우엉찹쌀튀김,숙주미나리무침,포기김치,호박죽,숭늉
thu,146,잡곡밥,돈육김치찌개,춘천닭갈비,호박씨멸치볶음,동초겉절이,동치미,양상추샐러드,시나몬토스트
fri,207,떠먹는유부초밥,우동,야채튀김,단무지,,포기김치,삼색생채비빔나물,강된장찌개
tue,215,잡곡밥,들깨미역국,바베큐폭찹,샐러드파스타,교동양념어묵,포기김치,딸기잼토스트,누룽지튀김
wed,177,백미밥,버섯찌개,카레라이스,쫄면,미트블양송이조림,백김치,그린샐러드,키위d
thu,144,김치볶음밥,순두부백탕,계란후라이,국물떡볶이,순대장,깍두기,양상추샐러드,식혜
fri,88,떠먹는유부초밥,우동,야채튀김,단무지,,포기김치,삼색생채비빔나물,강된장찌개
mon,198,차조밥,김치찌개,너비아니파채,삼색계란찜,오이양파무침,포기김치,양배추샐러드,숭늉
tue,145,콩나물밥양념장,된장찌개,불맛간장불고기,모닝빵샌드위치,단배추겉절이,포기김치,그린샐러드,버터링쿠키
wed,51,흑미밥,경상도소고기국,마파두부,우엉잡채,봄동겉절이,깍두기,호박죽,숭늉
wed,189,굴소스야채볶음밥,짬뽕국,짜장소스,탕수강정,치커리무생채,포기김치,그린샐러드,매실차
thu,142,차조밥,맑은순두부찌개,매콤안동찜닭,비빔만두,동초겉절이,포기김치,그린샐러드,숭늉
fri,148,흑미밥,김치콩나물국,함박스테이크,크림소스스파게티,양상추샐러드,수제피클,이색나물,강된장
mon,141,곤드레밥양념장,두부된장찌개,돈육메알장조림,교동양념어묵,쌈추무채무침,포기김치,그린샐러드,버터링쿠키
tue,85,차조밥,얼큰어묵국,김치제육볶음,우엉찹쌀튀김,봄동겉절이,포기김치,그린샐러드,숭늉
wed,140,흑미밥,닭개장,돈채피망볶음,알감자버터구이,무생채,포기김치,그린샐러드,누룽지튀김
thu,154,대패깍두기볶음밥,우동장국,동그랑땡케찹조림,사각어묵볶음,계란후라이,포기김치,그린샐러드,호박죽
fri,138,백미밥,잔치국수,불맛제육볶음,부추야채전,오이고추된장무침,포기김치,딸기잼토스트,숭늉
mon,106,차조밥,미소된장국,매운돈갈비찜,고구마맛탕,봄동겉절이,포기김치,그린샐러드,초코칩쿠키
tue,68,오곡밥,황태무국,두부민찌조림,삼색나물콩나물.시금치.무,구이김장,포기김치,식혜,땅콩
mon,184,흑미밥,육개장,해물볶음우동,맛살계란찜,치커리무생채,포기김치,만다린샐러드,숭늉
tue,144,백미밥,순대국밥다대기,두부커틀렛,고기우엉조림,무양파간장지,깍두기,그린샐러드,매실차
wed,148,차조밥,얼큰수제비국,불맛간장불고기,콘치즈버터구이,양배추쌈,포기김치,숭늉,시나몬토스트
thu,78,흑미밥,맑은콩나물국,춘천닭갈비,호박씨멸치볶음,봄동겉절이,포기김치,양상추샐러드,요구르트
fri,223,흑미밥,들깨미역국,뒷다리살찹스테이크,꽃맛살샐러드,숙주미나리무침,포기김치,그린샐러드,숭늉
mon,206,기장밥,부대찌개,생선까스,푸실리파스타,치커리유자생채,깍두기,버터링쿠키,레몬에이드
tue,165,콩나물밥양념장,근대된장국,오삼불고기,막국수,오이고추된장무침,포기김치,만다린샐러드,슝늉
wed,119,후리가케볶음밥,계란탕,매콤국물떡볶이,양념어묵,김말이만두튀김,포기김치,이색나물,약고추장
thu,114,차조밥,짬뽕국,마파두부,깐풍탕수육,봄동무생채,포기김치,그린샐러드,요구르트
fri,193,흑미밥,두부된장찌개,제육볶음,고구마맛탕,맛살콩나물냉채,포기김치,상추쌈,쌈장
mon,163,차조밥,경상도소고기국,한식잡채,김치전,열무된장무침,깍두기,그린샐러드,매실차
tue,157,갈릭목살필라프,우동장국,로제파스타,매콤알감자조림,양상추샐러드,포기김치,요구르트,호박죽
wed,141,기장밥,사골만두국,모듬장조림,쫄면무침,단배추겉절이,포기김치,그린샐러드,누룽지튀김
thu,100,차조밥,호박고추장찌개,함박스테이크,콘슬로우,치커리유자생채,포기김치,그린샐러드,숭늉
fri,200,차조밥,돈육김치찌개,오징어까스타르타르소스,깻잎멸치볶음,양배추쌈젓장,포기김치,그린샐러드키위D,숭늉
mon,126,강낭콩밥,얼큰콩나물국,뼈없는안동찜닭,어슷우엉조림,치커리유자생채,포기김치,그린샐러드아일랜드D,요구르트
tue,130,날치알김치볶음밥,미니우동,비빔야채만두,브로콜리들깨볶음,파송송김무침,단무지,그린샐러드키위D,매실차
wed,131,완두콩밥,미소된장국,야채듬뿍카레소스,야채고로케케찹,마카로니샐러드,포기김치,그린샐러드오리엔탈D,두유
thu,77,잡곡밥,봄동된장국,제육김치볶음,온두부양념장,상추미나리생채,고추마늘장아찌,그린샐러드키위D,숭늉
fri,196,찰기장밥,부대찌개,생선까스타르타르S,매콤감자조림,시금치깨소금무침,백김치,그린샐러드유자D,
mon,127,흑미밥,닭곰탕,피망잡채,김치전,오이부추무침,깍두기,수정과,
tue,103,보리밥,잔치국수,삼색비빔나물강된장,핫도그케찹,,포기김치,망고주스,
wed,101,강낭콩밥,감자된장찌개,제육볶음,궁중떡볶이,상추겉절이,포기김치,식혜,
thu,60,콩나물밥양념장,쑥국,고등어엿장구이,동초겉절이,김가루쪽파무침,포기김치,호박죽,
fri,157,찰기장밥,홍합미역국,제육김치볶음,온두부양념장,상추알배기쌈,고추마늘장아찌,그린샐러드키위D,
mon,148,완두콩밥,떡만두국,해물콩나물찜,사각어묵볶음,얼갈이된장무침,포기김치,미숫가루,
tue,126,흑미밥,돈등뼈해장국,한식잡채,도토리묵야채무침,아삭고추양파된장,깍두기,수정과,
wed,117,강낭콩밥,오징어콩나물국,미니돈까스,새송이호박볶음,푸실리샐러드,포기김치,오미자차,
mon,112,계란볶음밥,짬뽕국,짜장소스,탕수만두,단무지무침,포기김치,요구르트,
tue,175,찰기장밥,봄동된장국,돈육버섯불고기,오징어까스타르타르S,파채상추겉절이,포기김치,망고주스,
wed,115,완두콩밥,들깨미역국,야채찜닭납작당면,사각어묵볶음,동초겉절이,포기김치,수정과,
thu,124,취나물밥양념장,황태무국,제육볶음,구이김양념장,치커리무생채,포기김치,파이,
fri,117,흑미밥,돈육김치찌개,비엔나브로콜리볶음,야채비빔막국수,단무지무침,열무김치,호박죽,
mon,68,봄나물비빔밥,청양된장찌개,계란후라이,메밀전병,호박씨멸치볶음,포기김치,식혜,
tue,173,찰기장밥,감자수제비국,제육김치볶음,깻잎멸치조림,참나물무생채,깍두기,미숫가루,
wed,118,귀리밥,닭개장,돈민찌두부조림,둥근어묵볶음,오이양파무침,배추김치,약과,
thu,88,강낭콩밥,김치두부국,돈육장조림,야채고로케케찹,트리플빈샐러드이탈리안D,배추김치,오미자차,
fri,115,잡곡밥,들깨무채국,닭살데리야끼조림,감자야채전,콩나물무침,배추김치,망고주스,
mon,74,완두콩밥,유부장국,마파두부,고기김치손만두,단무지,배추김치,그린샐러드키위D,
tue,186,강낭콩밥,얼큰콩나물국,고추장불고기,어슷어묵볶음,상추쌈쌈장,배추김치,단호박건포도범벅,
wed,157,완두콩밥,양송이스프,순살돈까스소스,샐러드스파게티,수제피클,배추김치,오렌지,생채비빔나물
mon,155,미니보리밥,잔치국수,닭장각오븐구이허니머스타드,,,배추김치,오미자차,생채비빔나물
tue,129,귀리밥,배추시락국,코다리무조림,누들떡볶이,모듬튀김,포기김치,식혜,
wed,81,잡곡밥,순대돼지국밥다대기,깻잎야채전,견과류멸치볶음,햇양파무장아찌,깍두기,약과,
thu,154,찰기장밥,북어무국,닭볶음탕,한식잡채,콩나물미나리무침,배추김치,밤만쥬빵,그린샐러드
fri,139,흑미밥,돈육김치찌개,부들계란찜,표고가지탕수육,청경채오이생채,배추김치,수정과,콘슬로우샐러드
tue,123,완두콩밥,떡만두국,제육볶음,도토리묵무침,근대양배추찜양념장,볶음김치,호박죽,
wed,90,청양고추소시지오므라이스소스,미역두부장국,토마토그린샐러드,바게트마늘빵,수제피클,포기김치,생채비빔나물,
thu,185,강낭콩밥,얼큰소고기국,생선까스타르타르s,매콤두부조림,우엉채볶음,배추김치,그린샐러드,
fri,156,흑미밥,어묵국,제육볶음,비엔나떡볶음,오이부추무침,배추김치,망고주스,
mon,144,미니밥,냉메밀국수,파닭순살치킨,수제무피클,,포기김치,생채비빔나물,
tue,100,잡곡밥,들깨미역국,간장불고기,매콤감자조림,맛살콩나물냉채,포기김치,펜네샐러드,
wed,79,보리열무비빔밥,청양초된장찌개,계란후라이,마늘쫑어묵볶음,호박씨멸치볶음,포기김치,그래놀라요거트,
thu,194,콩나물밥쪽파양념장,된장찌개,뼈없는닭갈비,참나물무생채,구이김장,배추김치,바나나,
fri,115,흑미밥,등뼈감자탕,오징어무침회,한식잡채,아삭고추된장무침,깍두기,미숫가루,
tue,142,귀리밥,새알미역국,콩나물불고기,깻잎멸치조림,오이양파무침,포기김치,펜네샐러드,
wed,99,완두콩밥,짬뽕국,짜장소스,탕수육만두깐풍S,단무지,포기김치,마시는요구르트,
thu,170,흑미밥,청량된장찌개,돼지훈제구이허니머스타드,모듬쌈쌈장,콩나물부추무침,포기김치,열대과일샐러드,요거트D
fri,153,수수밥,육개장,닭불고기,야채쫄면,열무된장무침,포기김치,식혜,
mon,141,미니밥,열무냉면,매콤조각돈까스,콘슬로우샐러드,,냉면김치,생채비빔나물,
tue,130,김치볶음밥,맑은콩나물국,동인동갈비찜,계란후라이,구운버섯샐러드오리엔탈D,깍두기,오렌지,
wed,75,잡곡밥,돼지국밥다대기,깻잎감자채전,도토리묵무침,풋고추양파지,깍두기,요구르트,
thu,156,귀리밥,들깨미역국,북성로불고기,핫도그케찹,상추파채겉절이,포기김치,그린샐러드,요거트d
fri,140,흑미밥,오이냉국,안동찜닭당면,비빔꼬마만두,고추멸치볶음,포기김치,약과,
mon,115,잡곡밥,양송이스프,파인함박스테이크,토마토파스타,,수제피클,생채비빔나물,
tue,131,수수밥,닭개장,제육볶음,고구마떡맛탕,온두부,볶음김치,요구르트,
wed,93,야채볶음밥,미니우동,렌틸콩,왕새우튀김머스타드,그린샐러드오리엔탈d,배추김치,수제요거트,
mon,170,흑미밥,부대찌개,버섯불고기,콘치즈그라탕,치커리무생채,배추김치,미숫가루,
tue,127,귀리밥,두부된장국,묵은지돼지갈비찜,막국수,콩나물부추무침,깍두기,그린샐러드키위d,
wed,130,후리가케볶음밥,냉잔치국수,깐풍칠리만두,풋고추된장무침,,배추김치,요구르트,
thu,97,갈릭목살필라프,유부장국,비엔나떡볶음,알감자버터구이,단배추겉절이,배추김치,그린샐러드발사믹d,
fri,71,백미밥,설렁탕큰그릇,미니메밀전병,부들어묵마늘쫑볶음,,깍두기,망고주스,
mon,161,계란야채볶음밥,해물짬뽕국,야채듬뿍짜장,후르츠탕수육,사우젼d샐러드,단무지무침,요구르트,
tue,127,흑미밥,콩나물냉국,고구마닭갈비,우민찌연근조림,청경채양배추무침,배추김치,청포도주스,
wed,143,귀리밥,경상도소고기국,제육불고기,견과류멸치볶음,오이양파무침,깍두기,그린샐러드,오리엔탈d
thu,107,차조밥,참치김치찌개,매콤떡갈비찜,열무비빔국수,상추쌈쌈장,깍두기,냉녹차,
fri,93,김가루주먹밥,우동국물,국물떡볶이,순대김말이튀김,치커리유자생채,배추김치,단호박건포도범벅,
mon,140,베이컨김치볶음밥,들깨미역국,생선까스콘소스,불맛어묵볶음,황도샐러드요거트d,깍두기,매실주스,
tue,151,귀리밥,얼큰순두부찌개,백순대야채볶음,맛살계란찜,마늘쫑장아찌,배추김치,그린샐러드발사믹d,
wed,112,오므라이스미트볼데미S,유부장국,푸실리펜네샐러드,수제피클,,배추김치,마늘빵,
mon,109,흑미밥,김치수제비국,파채불고기,한식잡채,치커리무생채,깍두기,석류주스,
tue,60,백미밥,순대국밥다대기,감자야채전,온두부양념장,무양파지,배추김치,식혜,
wed,187,잡곡밥,짬뽕순두부국가,바몬드카레,순살돈까스데미S,양상추샐러드발사믹드레싱,배추김치,아이스홍초,
thu,118,흑미밥,육개장,데리야끼제육볶음,야채쫄면,상추파채겉절이,깍두기,약과,
fri,116,미니밥,동치미열무국수,닭강정,풋고추된장무침,,수제무피클,비빔나물,비빔장
mon,84,취나물밥양념장,된장찌개,짚신매운갈비찜,콘치즈버터구이,치커리무생채,배추김치,그린샐러드,
tue,71,떠먹는유부초밥,우동국물,반반떡볶이로제고추장,만두어묵튀김,꽃맛살와사마요샐러드,단무지무침,요구르트,
wed,154,완두콩밥백미밥,얼큰어무국,돈육짜장소스,탕수육깐풍S,아일랜드d샐러드,깍두기,밤만쥬빵,
thu,119,흑미밥,도토리무채국,매콤닭갈비,감자마카로니범벅,삼색냉채,배추김치,석류주스,
fri,147,참치야채비빔밥초장,청량된장찌개,비엔나떡볶음,야채계란찜,김가루대파무침,배추김치,바나나,
mon,105,기장밥,황태미역국,돈육두루치기,교동양념어묵,스틱채소양배추쌈오이.당근,배추김치,그린샐러드,
tue,83,백미밥,닭장각삼계탕,오징어초무침,무앙파지,,깍두기,수제식혜,
wed,175,흑미밥,만두육개장큰그릇,떡갈비구운야채,견과류멸치볶음,치커리무생채,깍두기,매실주스,
thu,154,콩나물밥양념장,아욱두부된장국,고추장불고기,고구마떡강정,부추겉절이,배추김치,그린샐러드,
fri,148,햄김치볶음밥계란지단,유부장국,타코야끼,어묵잡채,,열무김치,망고주스,
mon,132,기장밥,돼지고기김치찌개,매콤간장찜닭,단호박범벅,오이양파무침,깍두기,꽃맛살샐러드,
tue,113,렌틸콩밥백미밥,해물짬뽕국,하이라이스,교자만두비빔야채,사각어묵볶음,배추김치,수제마늘빵,
wed,197,햄김치볶음밥계란지단,유부된장국,눈꽃치즈찜닭,볼어묵깐풍기,,깍두기,매실주스,
thu,144,흑미밥,콩나물냉국,동인동찜갈비,알감자조림,부추양파무침,배추김치,그린샐러드,
fri,160,찰밥,영양닭죽큰그릇,김치왕만두초간장,도토리묵무침,오이고추된장무침,깍두기,살얼음수제식혜,
mon,137,백미밥,열무냉면큰그릇,파채치킨까스양념소스,옥수수계란찜,,무절임,석류주스,
tue,98,김밥볶음밥주먹밥,가쓰오장국,로제떡볶이,순대장,,단무지무침,바이오거트,
wed,193,잡채덮밥,오이미역냉국,짜장소스,깐풍탕수육,,단무지무침,매실주스,
thu,182,기장밥,육개장,생선까스콘소스,야채쫄면,치커리유자생채,깍두기,요구르트,
fri,131,작은밥,골뱅이물회,부추오징어전,콘버터구이,,배추김치,아이스홍초,
mon,134,흑미밥,청량된장찌개,제육불고기,고깃집콩나물무침,상추깻잎쌈쌈장,배추김치,밤만쥬,
tue,91,밥버거참치마요.볶음김치,얼큰어묵탕,돈까스샐러드,어니언감자치즈소스,,수제피클,수박,
wed,159,기장밥,닭개장,떡갈비구운야채,연근엿장조림,삼색겨자냉채,깍두기,망고주스,
mon,149,흑미밥,소고기미역국,매운돈갈비찜,꽃맛살샐러드,오이송송이,배추김치,아이스홍초,
tue,153,김가루작은밥,냉모밀,새우튀김허니머스타드,몽글계란찜,,비트무피클,냉미숫가루,
wed,115,감자탕볶음밥,팽이된장국,브로콜리비엔나볶음,푸실리펜네샐러드,견과류멸치볶음,깍두기,수박,
thu,82,백미밥,순대국밥다대기,오징어초무침,왕만두초간장,무양파간장지,깍두기,그린샐러드,
fri,169,차조밥,청량콩나물냉국,구름치즈찜닭,타코야끼,방울토마토샐러드,배추김치,매실주스,
mon,158,기장밥,닭곰탕,고추장불고기,알감자엿장조림,리코타샐러드발사믹d,배추김치,식혜,
tue,112,떠먹는유부초밥,미니우동,매콤국물떡볶이,납작만두양념장,단무지무침,배추김치,어니언치즈감자,
wed,112,참치야채비빔밥,미소된장국,돈육메알장조림,연두부양념장,김가루무침,배추김치,석류주스,
thu,59,흑미밥,소고기국밥큰그릇,새우까스탈탈소스,매콤어묵볶음,피자또띠아,깍두기,그린샐러드,
mon,130,차조밥,황태미역국,제육볶음,감자고로케케찹,고깃집콩나물무침,배추김치,미숫가루,
tue,136,작은밥,크림스프,순살돈까스데미S,미트토마토스파게티,수제피클,배추김치,그린샐러드,
wed,103,취나물밥양념장,돈육김치찌개,오징어야채볶음,깻잎멸치조림,구운김양념장,깍두기,알새우칩,
mon,77,미니야채볶음밥,,짜장면,후르츠탕수육,단무지무침,배추김치,요구르트,
tue,178,흑미밥,두부된장찌개,동인동찜갈비,콘버터구이,김가루대파무침,배추김치,그린샐러드,
wed,145,차조밥,매콤콩나물국,안동찜닭,온두부양념장,꽃맛살샐러드,깍두기,매실주스,
thu,105,기장밥,육개장,불맛제육볶음,삼색계란찜,단배추겉절이,배추김치,그린샐러드,
fri,101,베이컨김치볶음밥,유부장국,비엔나떡볶음,연근땅콩조림,만다린샐러드요거트d,배추김치,약과,
mon,71,백미밥,등뼈해장국,모듬장조림,부추양파겉절이,,깍두기,석류주스,
tue,160,기장밥,청량된장찌개,고추장불고기,비빔막국수,상추쌈쌈장,배추김치,호박죽,
wed,141,흑미밥,부대찌개,생선까스콘소스,매콤어묵볶음,얼갈이무생채,깍두기,그린샐러드,
thu,145,차조밥,북어계란국,춘천닭갈비,알감자엿장조림,구운버섯샐러드,배추김치,숭늉,
fri,96,완두콩밥,미소장국,렌틸콩카레소스,교자만두비빔야채,견과류멸치볶음,배추김치,석류주스,
mon,72,백미밥,설렁탕소면,오징어김치전,한식잡채,,깍두기,미숫가루,
tue,174,흑미밥,들깨미역국,버섯간장불고기,양념어묵,매콤콩나물무침,배추김치,숭늉,
wed,111,차조밥,닭개장,돈육메추리알조림,맛살계란찜,단배추겉절이,깍두기,그린샐러드유자D,
thu,131,쌀밥,해물짬뽕국,마파두부소스,새우튀김머스타드,실곤약야채무침,배추김치,홍초,
fri,93,잡곡밥,사골된장찌개,돈육김치찜,도토리묵무침,양배추찜양념장,포기김치,그린샐러드키위D,
mon,70,후리가케주먹밥,가쓰오우동,로제떡볶이,모듬튀김케찹,그린샐러드오리엔탈,단무지,,
tue,134,차조밥,얼큰어묵국,뼈없는안동찜닭,어슷우엉조림,오이양파무침,배추김치,호박죽,
wed,128,취나물밥양념장,청양된장찌개,제육볶음,맛살콩나물냉채,구이김,포기김치,두유,
thu,122,베이컨김치볶음밥,들깨미역국,계란후라이,돈까스샐러드,김가루무침,단무지,핫도그케찹,
fri,99,흑미밥,감자수제비국,제육김치볶음,온두부양념장,배추무생채,고추마늘장아찌,콘슬로우,
mon,53,잡곡밥,닭개장,오징어김치전,감자조림,브로콜리초장,깍두기,블루베리머핀,
fri,81,흑미밥,돈육김치찌개,오징어까스타르타르s,쫄면야채무침,땅콩우엉조림,열무김치,숭늉,
mon,61,잡곡밥,소고기국밥미니소면,감자야채전,견과류멸치볶음,김가루대파무침,깍두기,약과,
tue,177,차조밥,북어채계란국,고추장불고기,야채고로케케찹,오이부추겉절이,배추김치,오미자차,
wed,170,강낭콩밥,참치김치찌개,비엔나브로콜리볶음,사각어묵조림,치커리유자생채,양념깻잎지,바나나,
mon,150,완두콩밥,떡만두국,짜장소스,칠리표고탕수육,단무지무침,배추김치,비피더스,
wed,62,잡곡밥,순대국밥,오징어초무침,야채부추전,오이고추된장무침,깍두기,요구르트,
fri,119,차조밥,김치공나물국,크리미어니언치킨까스,가지마파소스볶음,마카로니샐러드,배추김치,오미자차,
mon,129,완두콩밥,뜨끈어묵국,순살야채찜닭,국물떡볶이,모듬튀김,배추김치,그린샐러드키위D,
tue,83,흑미밥,돈등뼈감자탕,한식잡채,단호박견과찜,부추양파겉절이,깍두기,두유,
wed,64,잡곡밥,맑은소고기무국,비빔메밀국수,군만두,연근땅콩조림,배추김치,약과수정과,
fri,145,차조밥,얼큰 오징어무국,비엔나소시지떡볶음,우엉튀김조림,샐러드스파게티,배추김치,밤만쥬,
mon,123,보리열무비빔밥,청양초된장찌개,청양초된장찌개,볶음고추장,맛김가루,포기김치,요플레,
tue,110,완두콩밥,미니우동,피자치즈돈까스,브로콜리맛살볶음,단무지부추무침,포기김치,만다린샐러드,
wed,54,미니쌀밥,바지락칼국수,단호박고구마튀김,김치고기찐만두,무양파장아찌,포기김치,미숫가루,
mon,153,차조밥,새알심미역국,콩나물불고기,스크램블에그,양배추쌈양념장,배추김치,오미자차,
tue,103,강낭콩밥,꽃게된장국,뼈없는안동찜닭,매운어묵,오이부추무침,포기김치,숭늉,
wed,129,흑미밥,돈육고추장찌개,동그랑땡전,두부무조림,푸실리샐러드,포기김치,석류차,
thu,79,완두콩밥,소고기무국,해물볶음우동,탕수만두,모듬콩조림,포기김치,그린샐러드,
fri,47,쌀밥,영양닭죽,오징어김치전,모듬야채스틱쌈장,,깍두기,안흥찐빵,
mon,136,차조밥,얼큰콩나물국,제육간장불고기,한식잡채,배추겉절이,고추마늘장아찌,콘슬로우,
tue,128,완두콩밥,모듬어묵국,브로콜리카레소스,치킨까스샐러드허니머스타드S,야채비빔만두,포기김치,숭늉,
wed,78,흑미밥,순두부찌개,돈육장조림,깻잎멸치볶음,꽃맛살샐러드,포기김치,매실차,
thu,88,강낭콩밥,호박수제비국,닭살데리야끼조림,매콤감자조림,무생채,포기김치,식혜,
fri,60,소시지오므라이스소스,두부미역장국,푸실리샐러드,수제피클,,포기김치,마늘빵,
mon,187,차조밥,시락국,제육볶음,온두부양념장,오이양파무침,볶음김치,귤,
tue,134,검정콩밥,맑은미역국,매운돈갈비찜,부들계란찜,배추겉절이,고추마늘장아찌,숭늉,
wed,123,흑미밥,순대국밥미니소면,사각어묵볶음,모듬야채스틱쌈장,부추양파무침,깍두기,요구르트,
thu,89,완두콩밥,크림스프,등심돈까스소스,토마토스파게티,수제피클,포기김치,식빵러스크,
fri,66,잡곡밥,떡국,동그랑땡전,오징어무침회,콩나물부추무침,포기김치,두유,
mon,188,차조밥,돈육김치찌개,생선까스타르타르S,어슷우엉콩조림,실곤약야채무침,포기김치,망고주스,
tue,117,완두콩밥,해물짬뽕국,짜장소스,칠리탕수육,만다린샐러드,포기김치,요구르트,
wed,107,흑미밥,닭개장,비엔나브로콜리볶음,두부무조림,오이부추무침,깍두기,수정과,
thu,83,후리가케밥,모듬어묵국,깐부오징어치킨,매콤떡볶이,수제피클,포기김치,그린샐러드,
fri,71,미니쌀밥,잔치국수,왕만두장,아삭고추된장무침,단무지,포기김치,비피더스,
mon,144,차조밥,맑은소고기무국,아귀콩나물찜,우엉강정,펜네샐러드파스타,포기김치,숭늉,
tue,124,강낭콩밥,배추시락국,돈육고추장볶음,달콤감자조림,오이부추생채,포기김치,유자차,
wed,119,완두콩밥,미니우동,피자치즈돈까스,브로콜리맛살볶음,단무지무침,깍두기,열대과일샐러드,
thu,107,취나물밥양념장,청양된장찌개,오징어제육볶음,참나물무생채,구이김,포기김치,찐빵,
fri,67,미니쌀밥,잔치국수,왕만두장,아삭고추된장무침,단무지,포기김치,비피더스,
mon,149,차조밥,얼큰콩나물국,매콤닭갈비볶음,콘치즈오븐구이,배추무생채,포기김치,숭늉,
tue,136,완두콩밥,북어미역국,브로콜리카레소스,피쉬앤칩스타르타르S,쫄면야채무침,포기김치,오미자차,
wed,116,김치볶음밥,미소된장국,갈릭마요미트볼,스크램블에그,그린샐러드키위D,김가루깍두기,밀감,
mon,91,강낭콩밥,홍합어묵탕,제육볶음,한식잡채,토마토샐러드,포기김치,유자차,
tue,55,잡곡밥,소고기국밥,오징어부추전,도토리묵무침,김가루무침,석박지,밤만쥬,
wed,145,차조밥,시락국,제육김치볶음,멸치견과류조림,봄동오이생채,무양파장아찌,숭늉,
thu,156,흑미밥,떡만두국,치킨까스샐러드,사각어묵볶음,마카로니콘범벅,포기김치,매실차,
fri,101,쌀밥,들깨미역국,나물비빔밥볶음고추장,돈육장조림,오징어젓갈무침,김무침포기김치,식혜,
mon,100,강낭콩밥,돈육김치찌개,비엔나떡볶음,깻잎멸치조림,콩나물무침,깍두기,약과,
tue,73,훈제오리볶음밥,얼큰어묵국,로제떡볶이,단무지무침,그린샐러드,포기김치,비피더스,
wed,169,차조밥,바지락무국,제육볶음,양념오뎅,봄동겉절이,포기김치,숭늉,
thu,135,쌀밥,파송송계란국,마파두부,맛쵸킹탕수육,그린샐러드키위D,포기김치,귤,
fri,109,강낭콩밥,맑은콩나물국,야채찜닭,우엉땅콩조림,양배추다시마쌈,포기김치,유자차,
mon,112,흑미밥,참치김치찌개,야채고로케케찹,맛살계란찜,솎음배추나물무침,깍두기,수정과,
tue,75,미니밥,칼국수,단호박고구마튀김,찐만두장,단무지,포기김치,밤만쥬,
wed,155,차조밥,얼큰소고기국,브로콜리비엔나볶음,우엉부추강정,펜네샐러드,포기김치,오미자차,
mon,157,검정콩밥,오징어콩나물국,제육두루치기,고구마맛탕,봄동무생채,포기김치,숭늉,
tue,110,닭갈비볶음밥,모듬어묵국,오징어까스타르타르S,그린샐러드,,깍두기,요구르트,
wed,110,강낭콩밥,도토리묵채국,돈육김치찜,알감자버터구이,삼색겨자냉채,무양파장아찌,망고주스,
thu,62,잡곡밥,떡국,동그랑땡전,오징어무침회,유채겉절이,포기김치,수정과,
fri,173,완두콩밥,들깨미역국,돈육찹스테이크,메쉬드포테이토모닝빵,콩나물무침,포기김치,그린샐러드,
mon,132,흑미밥,부대찌개,매콤오징어볶음,느타리버섯호박볶음,콘슬로우,포기김치,숭늉,
tue,138,강낭콩밥,시락국,제육간장볶음,야채비빔만두,봄동무생채,포기김치,동지 팥죽,
wed,138,차조밥,북어무채국,표고가지탕수육,양념두부조림,물미역초무침,포기김치,오미자차,
thu,81,김치볶음밥,유부장국,청양크림함박,그린샐러드,,깍두기,귤,
fri,183,귀리밥,홍합어묵탕,제육볶음,온두부양념장,봄동시저샐러드,볶음김치,숭늉,
mon,116,강낭콩밥,얼큰콩나물국,뼈없는안동찜닭,연근새우깡,참나물무생채,포기김치,유자차,
tue,114,완두콩밥,크림스프,돈까스샐러드,미트스파게티,수제피클,포기김치,마늘빵,
fri,185,차조밥,떡만두국,콩나물불고기,오징어어묵무침,상추쌈쌈장,포기김치,숭늉,
mon,162,강낭콩밥,돈육김치찌개,비엔나푸실리볶음,깻잎멸치조림,동초무생채,포기김치,망고주스,
tue,139,참치마요밥버거,유부가쓰오장국,매콤국물떡볶이,모듬튀김,만다린샐러드,단무지무침,쥬시쿨,
wed,133,흑미밥,등뼈감자탕,계란장조림,콩나물무침,오이고추된장무침,깍두기,식혜,
thu,99,잡곡밥,바지락순두부찌개,생선까스타르타르S,쫄면야채무침,모듬콩조림,포기김치,매실차,
fri,157,강낭콩밥,얼큰소고기국,궁중떡볶이,야채고로케케찹,유채겉절이,포기김치,숭늉,
mon,175,흑미밥,시락국,제육볶음,콘치즈버터구이,콩나물무침,포기김치,수정과,
tue,149,완두콩밥,미소된장국,등심돈까스,수제비뇨끼,양배추샐러드,깍두기,요구르트,
wed,93,콩나물밥양념장,냉이된장국,코다리무조림,참나물무생채,구이김,포기김치,유자차,
thu,101,치킨마요덮밥,김치두부국,사각어묵볶음,감자튀김케찹,그린샐러드,포기김치,망고주스,
fri,154,차조밥,북어채계란국,제육김치볶음,호박버섯볶음,상추쌈쌈장,포기김치,숭늉,
mon,128,완두콩밥,종합어묵국,카레소스,새우까스타르타르소스,푸실리샐러드,포기김치,오미자차,
tue,116,잡곡밥,바지락살미역국,닭데리야끼조림,두부무조림,봄동겉절이,포기김치,매실차,
wed,101,강낭콩밥,참치김치찌개,갈릭마요미트볼,부들계란찜,물파래무침,무양파장아찌,귤,
mon,94,흑미밥,순대국밥소면,모듬야채전,부추겉절이,오이고추양파무침,깍두기,요구르트,
tue,197,차조밥,건새우아욱국,오징어불고기,양념오뎅,유채겉절이,포기김치,숭늉,
wed,144,강낭콩밥,참치김치찌개,스크램블에그,야채비빔만두,열무된장무침,고추마늘장아찌,안흥찐빵,
thu,127,잡곡밥,다슬기국,뼈없는안동찜닭,콩나물무침,마카로니샐러드,포기김치,오미자차,
fri,144,비빔밥,청양된장찌개,돈육계란장조림,명엽채볶음,포기김치,매실차,,
mon,69,흑미밥,닭개장,비엔나푸실리볶음,감자조림,물파래무생채,포기김치,수정과,
mon,72,백미밥,칼국수,오징어초무침,새송이어묵조림,오이고추된장무침,포기김치,요구르트,
tue,182,차조밥,꽃게된장국,제육두루치기,브로콜리맛살볶음,콩나물무침,포기김치,숭늉,
wed,179,강낭콩밥,김치어묵국,새우까스허니머스타드S,명엽채볶음,시금치나물무침,고추마늘장아찌,매실차,
mon,157,비빔밥쌀밥,들깨미역국,돈육계란장조림,땅콩멸치볶음,,포기김치,귤,
tue,126,흑미밥,돈육김치찌개,해물동그랑땡전케찹,동초무생채,연근땅콩조림,깍두기,유자차,
wed,83,훈제오리볶음밥,팽이미소된장국,로제떡볶이,그린샐러드,,포기김치,비피더스,
thu,166,귀리밥,호박수제비국,제육볶음,도토리묵양념장,상추유채겉절이,포기김치,숭늉,
fri,128,오곡밥,돈육김치찌개,한식잡채,보름삼색나물,생김구이,포기김치,부럼,
mon,115,병아리콩밥,오징어무국,비엔나푸실리볶음,알감자조림,쑥갓두부무침,포기김치,수정과,
tue,121,완두콩밥,미소된장국,순살등심돈까스,양념오뎅,그린샐러드,포기김치,망고주스,
wed,66,쌀밥,가쓰오우동,매콤떡볶이,순대야채볶음,모듬튀김,깍두기,요구르트,
thu,157,차조밥,부대찌개,야채계란찜,고기우엉조림,열무된장무침,고추마늘장아찌,오미자차,
fri,132,흑미밥,떡만두국,치킨까스샐러드,브로콜리비엔나볶음,무생채,포기김치,숭늉,
mon,122,병아리콩밥,북어미역국,매콤돈육떡찜,사각어묵볶음,동초무생채,무양파장아찌,매실차,
tue,92,완두콩밥,계란국,마파두부,깐풍기,천사채크래미샐러드,포기김치,유자차,
wed,83,취나물무밥,시락국,제육볶음,견과류멸치조림,봄동겉절이,포기김치,약과,
thu,61,차조밥,얼큰소고기국,생선까스타르타르s,쫄면야채무침,마카로니샐러드,포기김치,숭늉,
mon,151,강낭콩밥,새알미역국,뼈없는안동찜닭,돈민찌두부조림,유채무생채,포기김치,망고주스,
tue,97,흑미밥,맑은콩나물국,제육볶음,충무식오징어무침,연근땅콩조림,포기김치,오미자차,
wed,81,미니밥,닭칼국수,찐만두,오이부추무침,무양파장아찌,깍두기,수정과,
thu,179,차조밥,홍합어묵탕,제육볶음,고구마떡맛탕,동초겉절이,포기김치,숭늉,
fri,175,치즈닭갈비볶음밥,맑은콩나물국,청양풍볶음우동,그린샐러드,,포기김치,요구르트,
tue,131,흑미밥,돈육김치찌개,동그랑땡전,엄지새송이호박볶음,푸실리샐러드,깍두기,망고주스,
wed,95,잡곡밥,떡국,모듬야채전,돈육장조림,미나리무생채,포기김치,수정과,
thu,109,차조밥,냉이들깨무국,오징어불고기,연근콩조림,콩나물무침,포기김치,사과쿠키,
fri,115,강낭콩밥,참치김치찌개,야채비빔만두,부들계란찜,시금치나물무침,포기김치,오렌지,
mon,117,흑미밥,등뼈감자탕,생선까스타르타르S,쫄면야채무침,치커리유자생채,깍두기,식혜,
tue,106,완두콩밥,소고기미역국,미트볼라따뚜이,두부구이양념장,미나리무생채,포기김치,매실차,
wed,84,잡곡밥,순대돼지국밥,바싹김치전,도토리묵양념장,부추겉절이,깍두기,유자차,
mon,139,차조밥,참치김치찌개,오징어까스타르타르s,마늘쫑어묵볶음,양배추쌈장,고추마늘장아찌,냉녹차,
tue,104,강낭콩밥,맑은콩나물국,야채찜닭,우엉강정,오이부추무침,포기김치,망고주스,
wed,120,완두콩밥,미니우동,돈까스카레덮밥,그린샐러드,수제피클,,오미자차,
thu,119,흑미밥,청양된장찌개,제육볶음,온두부양념장,상추쌈쌈장,볶음김치,사과잼쿠키,
fri,75,쌀밥,바지락칼국수,왕만두,도토리묵무침,단무지,포기김치,수정과,
mon,163,차조밥,시락국,돈육매운찜,콘치즈구이,참나물무생채,포기김치,냉녹차,
tue,107,강낭콩밥,바지락순두부찌개,치킨까스샐러드,멸치땅콩볶음,콩나물무침,포기김치,망고주스,
wed,142,닭갈비볶음밥,들깨미역국,굴소스볶음우동,그린샐러드유자D,,포기김치,바나나,
thu,118,콩나물밥양념장,청양된장찌개,제육볶음,동초겉절이,구이김,포기김치,식혜,
fri,76,후라가케밥,미소된장국,순대떡볶이,모듬튀김,봄동시저샐러드,포기김치,유자차,
mon,144,차조밥,감자수제비국,제육볶음,어향두부무조림,동초무생채,배추김치,냉녹차,
tue,115,병아리콩밥,얼큰소고기국,야채고로케케찹,둥근어묵볶음,세발나물김무침,배추김치,미숫가루,
wed,106,강낭콩밥,쑥들깨국,돈육계란장조림,야채비빔만두,마카로니콘샐러드,배추김치,매실차,
mon,90,흑미밥,닭곰탕,동그랑땡엿장조림,알감자조림,부추겉절이,깍두기,오렌지,
tue,69,쌀밥,잔치국수,순대야채볶음,왕만두,단무지,포기김치,오미자차,
wed,128,차조밥,돈육김치찌개,비엔나떡볶음,깻잎멸치볶음,펜네샐러드,포기김치,냉녹차,
thu,91,병아리콩밥,얼큰어묵국,생선까스타르타르S,실곤약무침,두부흑임자샐러드,포기김치,아이스유자차,
fri,107,흑미밥,북어무채국,닭갈비볶음,비빔막국수,열무된장무침,포기김치,수정과,
mon,78,강낭콩밥,시락국,제육김치볶음,고구마떡맛탕,맛살콩나물냉채,깍두기,꿀토마토,
tue,85,햄김치볶음밥,,청양크림함박,그린샐러드,오이피클,포기김치,요구르트,
wed,130,차조밥,돈육김치찌개,한식잡채,오징어초무침,열무된장나물,고추마늘장아찌,냉녹차,
thu,130,제육비빔밥,청양된장찌개,단호박고구마튀김,,,포기김치,수정과,
fri,101,흑미밥,바지락미역국,닭살데리야끼조림,땅콩멸치볶음,콩나물무침,포기김치,밤만쥬,
mon,94,강낭콩밥,김치콩나물국,제육간장불고기,쫄면야채무침,으깬감자샐러드,깍두기,매실차,
tue,75,완두콩밥,짬뽕국,짜장소스,탕수육칠리소스,그린샐러드,포기김치,요구르트,
wed,132,귀리밥,떡만두국,콩나물불고기,충무식오징어무침,상추쌈장,포기김치,냉녹차,
thu,125,취나물밥양념장,모듬햄김치찌개,고등어엿장구이,동초무생채,구이김,고추마늘장아찌,미숫가루,
fri,81,율무밥,얼큰소고기국,시금치프리타타,마늘쫑어묵볶음,오징어젓갈무침,포기김치,망고주스,
mon,76,흑미밥,돼지순대국다대기,바싹김치전,도토리묵야채무침,부추양파겉절이,깍두기,요구르트,
tue,89,김밥볶음밥,유부장국,매콤달콤떡볶이,김말이만두튀김,핫도그,포기김치,쥬시쿨,
wed,141,차조밥,북어무국,닭볶음탕,한식잡채,동초무생채,포기김치,냉녹차,
thu,124,강낭콩밥,새알미역국,제육볶음,모듬쌈강된장,,포기김치,수정과,
fri,75,완두콩밥,미니우동,피자돈까스,감자튀김케찹,그린샐러드,포기김치,바나나,
tue,58,흑미밥,닭개장,브로콜리비엔나볶음,마카로니콘샐러드,오이부추생채,포기김치,오미자차,
wed,138,차조밥,감자된장찌개,돈육매운찜,계란맛살볶음,오이부추무침,포기김치,냉녹차,
thu,79,병아리콩밥,참치김치찌개,고등어무조림,춘권사모사칠리,그린샐러드,고추마늘장아찌,망고주스,
fri,81,흑미밥,전주식콩나물국,제육볶음,부추양파무침,단호박블루베리샐러드,깍두기,매실차,
mon,56,귀리밥,근대된장국,돈육계란장조림,야채비빔만두,견과류멸치볶음,포기김치,식혜,
tue,58,후라가케밥,얼큰어묵국,로제떡볶이,순대찜,고추양파된장무침,포기김치,복숭아아이스티,
wed,137,차조밥,북어미역국,제육김치볶음,온두부양념장,콩나물무침,양념깻잎지,유자민트티,
mon,113,병아리콩밥,바지락순두부찌개,오징어까스타르타르S,야채쫄면,단무지무침,포기김치,미숫가루,
tue,116,쌀밥,냉모밀국수大,등심돈까스,양배추샐러드,수제피클,포기김치,마늘빵,
wed,84,흑미밥,등뼈감자탕,청양고추왕동그랑땡,도라지진미채무침,동초겉절이,깍두기,냉녹차,
thu,62,잡곡밥,오징어콩나물국,닭살데리야끼조림,콩알버섯어묵볶음,무생채,포기김치,석류주스,
fri,124,차조밥,청양된장찌개,오징어돈육볶음,콘치즈버터구이,참나물무생채,포기김치,아이스자몽차,
mon,108,병아리콩밥,콩나물냉국,뼈없는묵은지찜닭,크림떡볶이,상추치커리생채,햇양파무장아찌,오미자차,
tue,118,카레라이스,물만두국,청양고추소시지구이,만다린샐러드,,포기김치,복숭아아이스티,
wed,102,미니밥,닭칼국수,바싹김치전,도토리묵무침,,깍두기,비피더스,
thu,71,베이컨김치볶음밥,유부장국,계란후라이,모듬가츠,수제피클,포기김치,요구르트,
fri,119,차조밥,모시조개콩나물국,파채버섯불고기,브로콜리맛살볶음,미나리무생채,포기김치,냉녹차,
mon,96,콩나물밥양념장,돈육김치찌개,고등어엿장구이,애기열무겉절이,구이김장,고추마늘장아찌,오미자차,
wed,99,중화덮밥,오이미역냉국,군만두,양배추샐러드,,포기김치,석류주스,
mon,84,미니밥,손만두떡국大,단호박고구마튀김,오징어초무침,,포기김치,밤만쥬,
wed,122,차조밥,차돌된장찌개,브로콜리비엔나볶음,한식잡채,열무겉절이,포기김치,허니자몽블랙티,
thu,116,쭈꾸미제육비빔밥,들깨미역국,사각어묵볶음,마카로니콘샐러드,,포기김치,요구르트,
fri,105,쌀밥,김치말이국수,메밀전병,,,무양파장아찌,꽈배기도넛츠,
mon,65,귀리밥,육개장,소시지달걀부침,가지볶음,맛김구이,깍두기,꿀토마토,
tue,114,차조밥,배추된장국,국물깻잎닭갈비,알감자조림,겨자삼색냉채,포기김치,망고주스,
wed,115,완두콩밥,계란국,마파두부소스,미트볼조랭이떡강정,그린샐러드,포기김치,유자민트티,
thu,111,흑미밥,도토리묵냉국,돈육김치찜,호박느타리볶음,열무겉절이,무양파장아찌,매실차,
fri,104,쌀밥,닭고기쌀국수,핫도그,,단무지,포기김치,요구르트,
mon,84,쌀밥,영양닭죽,표고가지탕수육,아삭고추양파무침,,깍두기,앙버터모닝빵,
tue,130,흑미밥,돈육김치찌개,오징어까스타르타르S,가지양파볶음,새콤파채콩나물무침,고추마늘장아찌,냉녹차,
wed,124,귀리밥,새알미역국,고추장불고기,모듬쌈강된장,,포기김치,포기김치,
thu,110,취나물밥양념장,북어무국,돈육계란장조림,얼갈이겉절이,구이김,포기김치,미숫가루,
fri,84,닭갈비볶음밥,미소된장국,굴소스볶음우동,그린샐러드,,포기김치,바나나,
mon,65,오징어덮밥,콩나물냉국,계란후라이,으깬감자샐러드,,깍두기,비피더스,
wed,148,귀리밥,김치콩나물국,바싹불고기,알감자버터구이,상추겉절이,양념깻잎지,복숭아아이스티,
thu,136,병아리콩밥,닭볶음탕,야채고로케케찹,비빔당면,열무된장무침,포기김치,냉녹차,
fri,100,쌀밥,물냉면,왕만두,단무지,,열무김치,찐옥수수,
mon,68,흑미밥,만두육개장大,청경채찜,도라지진미채무침,파송송김무침,포기김치,매실차,
tue,145,완두콩밥,참치김치찌개,뼈없는안동찜닭,깻잎멸치볶음,마카로니콘샐러드,포기김치,냉녹차,
wed,130,귀리밥,바지락순두부찌개,통계란떡볶이,해쉬포테이토,오이부추무침,포기김치,자몽허니블랙티,
thu,95,쌀밥,냉모밀국수大,등심돈까스,양배추샐러드,수제피클,포기김치,마늘빵,
fri,112,강낭콩밥,물떡어묵탕,불맛제육볶음,야채비빔만두,청경채겉절이,포기김치,미숫가루,
mon,81,차조밥,사골떡만두국大,모듬야채전,오징어초무침,,포기김치,요구르트,
tue,156,차조밥,부대찌개,돈육두부짜글이,콘치즈버터구이,오이송송이,포기김치,오미자차,
wed,140,완두콩밥,북어미역국,생선까스타르타르S,쫄면야채무침,가지양파볶음,포기김치,컵빙수,
mon,136,계란야채볶음밥,짬뽕국,짜장볶음우동,돈까스샐러드,단무지,포기김치,냉녹차,
tue,70,병아리콩밥,가지냉국,돈육김치찜,어묵채파프리카볶음,배추겉절이,고추마늘장아찌,식혜,
wed,71,찰밥,닭곰탕당면,단호박고구마튀김,오징어젓갈무침,부추양파무침,포기김치,매실차,
thu,157,귀리밥,감자수제비국,콩나물불고기,충무식오징어무침,애기열무겉절이,포기김치,식혜,
fri,96,강낭콩밥,돈육김치찌개,고등어카레구이,우엉땅콩조림,브로콜리쌈다시마,포기김치,망고주스,
mon,105,흑미밥,차돌된장찌개,부들계란찜,로제떡볶이,무생채,포기김치,유자민트티,
tue,103,쌀밥,냉잔치국수,순대야채볶음,고추양파된장무침,핫도그,포기김치,요구르트,
wed,63,완두콩밥,오징어무국,야채듬뿍카레소스,미트볼조랭이떡강정,단무지무침,포기김치,수정과,
thu,108,차조밥,북어무국,닭살데리야끼조림,양념오뎅,배추겉절이,포기김치,냉녹차,
fri,88,흑미밥,뼈없는감자탕,한식잡채,깐풍만두튀김,부추양파겉절이,포기김치,수박화채,
mon,99,병아리콩밥,근대된장국,돈육매운찜,계란맛살볶음,오이송송이,포기김치,매실차,
tue,103,완두콩밥,콩나물냉국,짬뽕덮밥소스,계란후라이,천사채크래미샐러드,포기김치,쥬시쿨,
wed,64,귀리밥,얼큰소고기버섯국,소시지달걀부침,도라지진미채무침,으깬감자샐러드,포기김치,오미자차,
mon,94,차조밥,부대찌개,돈육두부조림,우엉땅콩볶음,펜네샐러드,포기김치,미숫가루,
tue,135,닭갈비볶음밥,콩나물냉국,피쉬앤칩스,그린샐러드,,포기김치,바나나,
wed,100,강낭콩밥,돈육김치찌개,비엔나떡볶음,깻잎멸치조림,애기열무겉절이,포기김치,자몽허니블랙티,
thu,93,흑미밥,미니모밀국수,오징어불고기,달걀두부구이,배추겉절이,포기김치,복숭아아이스티,
fri,86,잡채덮밥,계란국,짜장소스,깐풍칠리만두,,포기김치,비피더스,
mon,166,차조밥,감자된장찌개,고추장불고기,어묵피망볶음,양배추쌈장,포기김치,미숫가루,
tue,168,취나물밥양념장,돈육김치찌개,새우까스타르타르s,애기열무겉절이,도시락김,포기김치,매실차,
wed,132,병아리콩밥,닭개장,메밀전병,청포묵김무침,고추양파된장무침,포기김치,망고주스,
thu,105,완두콩밥,미소된장국,순살등심돈까스,토마토스파게티,양배추적채샐러드,포기김치,오미자차,
fri,65,쌀밥,해물칼국수,왕만두,도토리묵무침,단무지,포기김치,수정과,
tue,152,귀리밥,오이미역냉국,돈육김치찜,알감자조림,천사채샐러드,포기김치,미숫가루,
wed,139,흑미밥,모듬어묵국,치킨까스,쫄면야채무침,배추나물,포기김치,자몽아이스티,
thu,92,강낭콩밥,북어미역국,떡갈비새송이조림,견과류멸치볶음,오이송송이,포기김치,꿀토마토,
fri,87,차조밥,떡만두국,오징어야채무침,청양동그랑땡전,모듬콩조림,포기김치,복숭아아이스티,
mon,182,귀리밥,청양된장찌개,당면야채찜닭,가지양파볶음,마카로니콘샐러드,포기김치,미숫가루,
tue,186,병아리콩밥,바지락순두부찌개,불맛제육볶음,느타리버섯호박볶음,단배추겉절이,포기김치,망고주스,
wed,175,쭈꾸미제육비빔밥,오이미역냉국,사각어묵볶음,펜네샐러드,,포기김치,오미자차,
thu,144,강낭콩밥,냉모밀국수미니,계란장조림,야채고로케케찹,해초샐러드,포기김치,식혜,
fri,63,후리가케밥,유부장국,순대국물떡볶이,모듬튀김,단무지무침,포기김치,쥬시쿨,
mon,162,차조밥,근대된장국,고추장불고기,비빔당면,양배추쌈쌈장,포기김치,미숫가루,
tue,118,취나물밥양념장,돈육김치찌개,오징어까스타르타르S,애기열무겉절이,도시락김,고추마늘장아찌,매실차,
wed,131,흑미밥,감자수제비국,국물,마늘쫑어묵볶음,참나물무생채,포기김치,유자차,
