1,25,월,600,111,24,28,437,흑미밥,냉이된장국,불맛제육볶음,한식잡채,225
1,26,화,600,94,24,21,461,강낭콩밥,얼큰콩나물국,삼치엿장구이,달걀맛살찜,178
1,27,수,600,115,24,16,445,차조밥,경상도소고기국,청양달걀장조림,우엉찹쌀튀김,145
1,28,목,600,99,24,26,451,잡곡밥,돈육김치찌개,춘천닭갈비,호박씨멸치볶음,146
1,29,금,600,173,24,32,371,떠먹는유부초밥,우동,야채튀김,단무지,207
2,02,화,600,115,24,17,444,잡곡밥,들깨미역국,바베큐폭찹,샐러드파스타,215
2,03,수,600,124,24,19,433,백미밥,버섯찌개,카레라이스,쫄면,177
2,04,목,600,100,24,33,443,김치볶음밥,순두부백탕,계란후라이,국물떡볶이,144
2,05,금,600,148,24,26,402,떠먹는유부초밥,우동,야채튀김,단무지,88
2,08,월,600,125,24,27,424,차조밥,김치찌개,너비아니,삼색계란찜,198
2,09,화,600,121,24,50,405,콩나물밥,된장찌개,불맛간장불고기,모닝빵샌드위치,145
2,10,수,600,285,24,17,274,흑미밥,경상도소고기국,마파두부,우엉잡채,51
2,15,월,600,172,24,29,375,굴소스야채볶음밥,짬뽕국,짜장소스,탕수강정,189
2,16,화,600,111,24,36,429,차조밥,맑은순두부찌개,매콤안동찜닭,비빔만두,142
2,17,수,600,96,23,18,463,흑미밥,김치콩나물국,함박스테이크,크림소스스파게티,148
2,18,목,600,110,23,15,452,곤드레밥,두부된장찌개,돈육메알장조림,교동양념어묵,141
2,19,금,600,193,23,19,365,차조밥,얼큰어묵국,김치제육볶음,우엉찹쌀튀김,85
2,22,월,600,159,23,23,395,흑미밥,닭개장,돈채피망볶음,알감자버터구이,140
2,23,화,600,122,23,41,414,대패깍두기볶음밥,우동장국,동그랑땡케찹조림,사각어묵볶음,154
2,24,수,598,128,23,15,432,백미밥,잔치국수,불맛제육볶음,부추야채전,138
2,25,목,598,134,23,18,423,차조밥,미소된장국,매운돈갈비찜,고구마맛탕,106
2,26,금,598,211,23,19,345,오곡밥,황태무국,두부민찌조림,삼색나물,68
3,02,화,631,142,25,19,445,흑미밥,육개장,해물볶음우동,맛살계란찜,184
3,03,수,631,92,25,9,505,백미밥,순대국밥,두부커틀렛,고기우엉조림,144
3,04,목,631,96,25,16,494,차조밥,얼큰수제비국,불맛간장불고기,콘치즈버터구이,148
3,05,금,631,160,25,18,428,흑미밥,맑은콩나물국,춘천닭갈비,호박씨멸치볶음,78
3,08,월,631,126,25,33,447,흑미밥,들깨미역국,뒷다리살찹스테이크,꽃맛살샐러드,223
3,09,화,631,102,25,22,482,기장밥,부대찌개,생선까스,푸실리파스타,206
3,10,수,631,107,25,12,487,콩나물밥,근대된장국,오삼불고기,막국수,165
3,11,목,630,111,25,8,486,후리가케볶음밥,계란탕,매콤국물떡볶이,양념어묵,119
3,12,금,630,169,25,18,418,차조밥,짬뽕국,마파두부,깐풍탕수육,114
3,15,월,630,115,25,23,467,흑미밥,두부된장찌개,제육볶음,고구마맛탕,193
3,16,화,629,107,25,16,481,차조밥,경상도소고기국,한식잡채,김치전,163
3,17,수,629,106,25,15,483,갈릭목살필라프,우동장국,로제파스타,매콤알감자조림,157
3,18,목,628,111,25,11,481,기장밥,사골만두국,모듬장조림,쫄면무침,141
3,19,금,628,190,25,17,396,차조밥,호박고추장찌개,함박스테이크,콘슬로우,100
3,22,월,628,132,25,19,452,차조밥,돈육김치찌개,오징어까스,깻잎멸치볶음,200
3,23,화,628,113,25,17,473,강낭콩밥,얼큰콩나물국,뼈없는안동찜닭,어슷우엉조림,126
3,24,수,628,96,25,15,492,날치알김치볶음밥,미니우동,비빔야채만두,브로콜리들깨볶음,130
3,25,목,627,114,25,17,471,완두콩밥,미소된장국,야채듬뿍카레소스,야채고로케,131
3,26,금,627,177,25,20,405,잡곡밥,봄동된장국,제육김치볶음,온두부,77
3,29,월,627,144,25,34,424,찰기장밥,부대찌개,생선까스,매콤감자조림,196
3,30,화,626,104,25,15,482,흑미밥,닭곰탕,피망잡채,김치전,127
3,31,수,626,120,25,9,472,보리밥,잔치국수,삼색비빔나물,핫도그,103
4,01,목,626,112,26,12,476,강낭콩밥,감자된장찌개,제육볶음,궁중떡볶이,101
4,02,금,626,180,26,18,402,콩나물밥,쑥국,고등어엿장구이,동초겉절이,60
4,05,월,626,117,27,30,452,찰기장밥,홍합미역국,제육김치볶음,온두부,157
4,06,화,626,92,27,12,495,완두콩밥,떡만두국,해물콩나물찜,사각어묵볶음,148
4,07,수,626,130,27,7,462,흑미밥,돈등뼈해장국,한식잡채,도토리묵야채무침,126
4,08,목,626,113,27,9,477,강낭콩밥,오징어콩나물국,미니돈까스,새송이호박볶음,117
4,09,금,626,176,28,15,407,계란볶음밥,짬뽕국,짜장소스,탕수만두,112
4,12,월,626,134,28,21,443,찰기장밥,봄동된장국,돈육버섯불고기,오징어까스,175
4,13,화,626,101,28,18,479,완두콩밥,들깨미역국,야채찜닭,사각어묵볶음,115
4,14,수,626,126,28,15,457,취나물밥,황태무국,제육볶음,구이김,124
4,15,목,626,114,28,17,467,흑미밥,돈육김치찌개,비엔나브로콜리볶음,야채비빔막국수,117
4,16,금,626,194,28,22,382,봄나물비빔밥,청양된장찌개,계란후라이,메밀전병,68
4,19,월,626,136,28,25,437,찰기장밥,감자수제비국,제육김치볶음,깻잎멸치조림,173
4,20,화,632,99,28,22,483,귀리밥,닭개장,돈민찌두부조림,둥근어묵볶음,118
4,21,수,632,114,28,26,464,강낭콩밥,김치두부국,돈육장조림,야채고로케,88
4,22,목,632,122,28,21,461,잡곡밥,들깨무채국,닭살데리야끼조림,감자야채전,115
4,23,금,632,177,28,28,399,완두콩밥,유부장국,마파두부,고기,74
4,26,월,631,133,28,55,415,강낭콩밥,얼큰콩나물국,고추장불고기,어슷어묵볶음,186
4,27,화,631,108,28,19,476,완두콩밥,양송이스프,순살돈까스,샐러드스파게티,157
4,28,수,631,106,28,11,486,미니보리밥,잔치국수,닭장각오븐구이,없음,155
4,29,목,631,115,28,19,469,귀리밥,배추시락국,코다리무조림,누들떡볶이,129
4,30,금,631,180,28,40,383,잡곡밥,순대돼지국밥,깻잎야채전,견과류멸치볶음,81
5,03,월,631,132,30,17,452,찰기장밥,북어무국,닭볶음탕,한식잡채,154
5,04,화,631,177,30,11,413,흑미밥,돈육김치찌개,부들계란찜,표고가지탕수육,139
5,06,목,631,143,30,26,432,완두콩밥,떡만두국,제육볶음,도토리묵무침,123
5,07,금,631,206,30,40,355,청양고추소시지오므라이스,미역두부장국,토마토그린샐러드,바게트마늘빵,90
5,10,월,632,150,30,18,434,강낭콩밥,얼큰소고기국,생선까스,매콤두부조림,185
5,11,화,632,128,30,14,460,흑미밥,어묵국,제육볶음,비엔나떡볶음,156
5,12,수,631,125,30,16,460,미니밥,냉메밀국수,파닭순살치킨,수제무피클,144
5,13,목,631,125,30,27,449,잡곡밥,들깨미역국,간장불고기,매콤감자조림,100
5,14,금,630,160,30,21,419,보리열무비빔밥,청양초된장찌개,계란후라이,마늘쫑어묵볶음,79
5,17,월,630,134,30,11,455,콩나물밥,된장찌개,뼈없는닭갈비,참나물무생채,194
5,18,화,630,148,30,16,436,흑미밥,등뼈감자탕,오징어무침회,한식잡채,115
5,20,목,630,156,30,27,417,귀리밥,새알미역국,콩나물불고기,깻잎멸치조림,142
5,21,금,625,195,29,16,385,완두콩밥,짬뽕국,짜장소스,탕수육,99
5,24,월,625,128,29,14,454,흑미밥,청량된장찌개,돼지훈제구이,모듬쌈,170
5,25,화,625,103,30,11,481,수수밥,육개장,닭불고기,야채쫄면,153
5,26,수,625,103,30,19,473,미니밥,열무냉면,매콤조각돈까스,콘슬로우샐러드,141
5,27,목,625,126,30,23,446,김치볶음밥,맑은콩나물국,동인동갈비찜,계란후라이,130
5,28,금,625,171,30,27,397,잡곡밥,돼지국밥,깻잎감자채전,도토리묵무침,75
5,31,월,625,155,29,9,432,귀리밥,들깨미역국,북성로불고기,핫도그,156
6,01,화,625,92,28,14,491,흑미밥,오이냉국,안동찜닭,비빔꼬마만두,140
6,02,수,625,109,28,14,474,잡곡밥,양송이스프,파인함박스테이크,토마토파스타,115
6,03,목,625,119,28,28,450,수수밥,닭개장,제육볶음,고구마,131
6,04,금,623,177,28,26,392,야채볶음밥,미니우동,렌틸콩,왕새우튀김,93
6,07,월,623,137,28,7,451,흑미밥,부대찌개,버섯불고기,콘치즈그라탕,170
6,08,화,623,141,28,14,440,귀리밥,두부된장국,묵은지돼지갈비찜,막국수,127
6,09,수,623,115,28,18,462,후리가케볶음밥,냉잔치국수,깐풍칠리만두,풋고추된장무침,130
6,10,목,623,132,28,36,427,갈릭목살필라프,유부장국,비엔나떡볶음,알감자버터구이,97
6,11,금,623,187,28,15,393,백미밥,설렁탕,미니메밀전병,부들어묵마늘쫑볶음,71
6,14,월,623,181,28,10,404,계란야채볶음밥,해물짬뽕국,야채듬뿍짜장,후르츠탕수육,161
6,15,화,623,115,28,7,473,흑미밥,콩나물냉국,고구마닭갈비,우민찌연근조림,127
6,16,수,623,132,28,17,446,귀리밥,경상도소고기국,제육불고기,견과류멸치볶음,143
6,17,목,623,132,28,37,426,차조밥,참치김치찌개,매콤떡갈비찜,열무비빔국수,107
6,18,금,623,160,26,21,416,김가루주먹밥,우동국물,국물떡볶이,순대,93
6,21,월,623,147,28,13,435,베이컨김치볶음밥,들깨미역국,생선까스,불맛어묵볶음,140
6,22,화,615,129,27,16,443,귀리밥,얼큰순두부찌개,백순대야채볶음,맛살계란찜,151
6,23,수,615,123,27,15,450,오므라이스미트볼데미S,유부장국,푸실리펜네샐러드,수제피클,112
6,24,목,614,124,27,22,441,흑미밥,김치수제비국,파채불고기,한식잡채,109
6,25,금,614,164,27,16,407,백미밥,순대국밥,감자야채전,온두부,60
6,28,월,613,129,27,16,441,잡곡밥,짬뽕순두부국,바몬드카레,순살돈까스,187
6,29,화,613,118,28,9,458,흑미밥,육개장,데리야끼제육볶음,야채쫄면,118
6,30,수,613,119,28,16,450,미니밥,동치미열무국수,닭강정,풋고추된장무침,116
7,01,목,613,124,28,26,435,취나물밥,된장찌개,짚신매운갈비찜,콘치즈버터구이,84
7,02,금,612,182,28,36,366,떠먹는유부초밥,우동국물,반반떡볶이,만두,71
7,05,월,612,129,26,19,438,완두콩밥백미밥,얼큰어무국,돈육짜장소스,탕수육,154
7,06,화,612,96,26,19,471,흑미밥,도토리무채국,매콤닭갈비,감자마카로니범벅,119
7,07,수,612,136,26,25,425,참치야채비빔밥,청량된장찌개,비엔나떡볶음,야채계란찜,147
7,08,목,612,107,26,51,428,기장밥,황태미역국,돈육두루치기,교동양념어묵,105
7,09,금,645,160,26,29,430,백미밥,닭장각삼계탕,오징어초무침,무앙파지,83
7,12,월,645,141,27,21,456,흑미밥,만두육개장,떡갈비,견과류멸치볶음,175
7,13,화,644,120,27,20,477,콩나물밥,아욱두부된장국,고추장불고기,고구마,154
7,14,수,644,110,27,23,484,햄김치볶음밥계란지단,유부장국,타코야끼,어묵잡채,148
7,15,목,644,126,27,39,452,기장밥,돼지고기김치찌개,매콤간장찜닭,단호박범벅,132
7,16,금,644,187,27,18,412,렌틸콩밥백미밥,해물짬뽕국,하이라이스,교자만두,113
7,19,월,643,115,26,16,486,햄김치볶음밥계란지단,유부된장국,눈꽃치즈찜닭,볼어묵깐풍기,197
7,20,화,643,112,26,18,487,흑미밥,콩나물냉국,동인동찜갈비,알감자조림,144
7,21,수,643,116,26,25,476,찰밥,영양닭죽,김치왕만두,도토리묵무침,160
7,22,목,642,147,26,39,430,백미밥,열무냉면,파채,옥수수계란찜,137
7,23,금,643,195,26,27,395,김밥볶음밥(주먹밥),가쓰오장국,로제떡볶이,순대,98
7,26,월,644,152,26,22,444,쌀밥,오이미역냉국,짜장소스,깐풍탕수육,193
7,27,화,644,118,26,23,477,기장밥,육개장,생선까스,야채쫄면,182
7,28,수,644,135,26,24,459,작은밥,없음,부추오징어전,콘버터구이,131
7,29,목,643,170,26,36,411,흑미밥,청량된장찌개,제육불고기,고깃집콩나물무침,134
7,30,금,643,212,26,19,386,쌀밥,얼큰어묵탕,돈까스샐러드,어니언감자치즈소스,91
8,02,월,643,168,26,15,434,기장밥,닭개장,떡갈비,연근엿장조림,159
8,03,화,643,138,26,18,461,흑미밥,소고기미역국,매운돈갈비찜,꽃맛살샐러드,149
8,04,수,644,139,26,69,410,김가루작은밥,냉모밀,새우튀김,몽글계란찜,153
8,05,목,644,149,26,45,424,감자탕볶음밥,팽이된장국,브로콜리비엔나볶음,푸실리펜네샐러드,115
8,06,금,644,220,26,43,355,백미밥,순대국밥,오징어초무침,왕만두,82
8,09,월,644,152,27,48,417,차조밥,청량콩나물냉국,구름치즈찜닭,타코야끼,169
8,10,화,644,151,27,38,428,기장밥,닭곰탕,고추장불고기,알감자엿장조림,158
8,11,수,644,172,27,48,397,떠먹는유부초밥,미니우동,매콤국물떡볶이,납작만두,112
8,12,목,645,154,27,21,443,참치야채비빔밥,미소된장국,돈육메알장조림,연두부,112
8,13,금,645,236,27,16,366,흑미밥,소고기국밥,새우까스,매콤어묵볶음,59
8,17,화,645,231,27,21,366,차조밥,황태미역국,제육볶음,감자고로케,130
8,18,수,645,191,27,33,394,작은밥,크림스프,순살돈까스,미트토마토스파게티,136
8,19,목,645,194,27,19,405,취나물밥,돈육김치찌개,오징어야채볶음,깻잎멸치조림,103
8,20,금,645,266,27,22,330,미니야채볶음밥,없음,짜장면,후르츠탕수육,77
8,23,월,643,206,27,22,388,흑미밥,두부된장찌개,동인동찜갈비,콘버터구이,178
8,24,화,643,180,27,21,415,차조밥,매콤콩나물국,안동찜닭,온두부,145
8,25,수,643,170,27,34,412,기장밥,육개장,불맛제육볶음,삼색계란찜,105
8,26,목,643,209,27,23,384,베이컨김치볶음밥,유부장국,비엔나떡볶음,연근땅콩조림,101
8,27,금,643,282,27,22,312,백미밥,등뼈해장국,모듬장조림,부추양파겉절이,71
8,30,월,643,205,27,15,396,기장밥,청량된장찌개,고추장불고기,비빔막국수,160
8,31,화,643,209,27,18,389,흑미밥,부대찌개,생선까스,매콤어묵볶음,141
9,01,수,643,153,29,35,426,차조밥,북어계란국,춘천닭갈비,알감자엿장조림,145
9,02,목,642,135,29,15,463,완두콩밥,미소장국,렌틸콩카레소스,교자만두,96
9,03,금,642,189,29,12,412,백미밥,설렁탕,오징어김치전,한식잡채,72
9,06,월,642,170,29,9,434,흑미밥,들깨미역국,버섯간장불고기,양념어묵,174
9,07,화,642,161,29,18,434,차조밥,닭개장,돈육메추리알조림,맛살계란찜,111
9,08,수,642,158,29,50,405,쌀밥,해물짬뽕국,마파두부소스,새우튀김,131
9,09,목,641,180,29,33,399,잡곡밥,사골된장찌개,돈육김치찜,도토리묵무침,93
9,10,금,641,204,29,42,366,후리가케주먹밥,가쓰오우동,로제떡볶이,모듬튀김,70
9,13,월,658,147,29,16,466,차조밥,얼큰어묵국,뼈없는안동찜닭,어슷우엉조림,134
9,14,화,658,133,29,15,481,취나물밥,청양된장찌개,제육볶음,맛살콩나물냉채,128
9,15,수,658,118,29,31,480,베이컨김치볶음밥,들깨미역국,계란후라이,돈까스샐러드,122
9,16,목,657,148,29,19,461,흑미밥,감자수제비국,제육김치볶음,온두부,99
9,17,금,657,249,29,43,336,잡곡밥,닭개장,오징어김치전,감자조림,53
9,23,목,659,255,29,17,358,흑미밥,돈육김치찌개,오징어까스,쫄면야채무침,81
9,24,금,659,257,29,31,342,잡곡밥,소고기국밥,감자야채전,견과류멸치볶음,61
9,27,월,658,140,29,0,489,차조밥,북어채계란국,고추장불고기,야채고로케,177
9,28,화,658,144,29,18,467,강낭콩밥,참치김치찌개,비엔나브로콜리볶음,사각어묵조림,170
9,29,수,658,159,29,13,457,완두콩밥,떡만두국,짜장소스,칠리표고탕수육,150
10,01,금,658,197,27,24,410,잡곡밥,순대국밥,오징어초무침,야채부추전,62
10,05,화,657,151,27,13,466,차조밥,김치공나물국,크리미어니언치킨까스,가지마파소스볶음,119
10,06,수,657,141,27,7,482,완두콩밥,뜨끈어묵국,순살야채찜닭,국물떡볶이,129
10,07,목,657,163,27,11,456,흑미밥,돈등뼈감자탕,한식잡채,단호박견과찜,83
10,08,금,657,219,27,29,382,잡곡밥,맑은소고기무국,비빔메밀국수,군만두,64
10,12,화,657,142,28,13,474,차조밥,얼큰 오징어무국,비엔나소시지떡볶음,우엉튀김조림,145
10,13,수,657,143,28,10,476,보리열무비빔밥,청양초된장찌개,청양초된장찌개,볶음고추장,123
10,14,목,657,165,28,14,450,완두콩밥,미니우동,피자치즈돈까스,브로콜리맛살볶음,110
10,15,금,657,200,28,22,407,미니,바지락칼국수,단호박,김치,54
10,18,월,690,132,28,14,516,차조밥,새알심미역국,콩나물불고기,스크램블에그,153
10,19,화,690,142,28,5,515,강낭콩밥,꽃게된장국,뼈없는안동찜닭,매운어묵,103
10,20,수,690,133,28,9,520,흑미밥,돈육고추장찌개,동그랑땡전,두부무조림,129
10,21,목,690,136,28,15,511,완두콩밥,소고기무국,해물볶음우동,탕수만두,79
10,22,금,690,201,28,15,446,쌀밥,영양닭죽,오징어김치전,모듬야채스틱,47
10,25,월,688,157,28,11,492,차조밥,얼큰콩나물국,제육간장불고기,한식잡채,136
10,26,화,688,123,28,9,528,완두콩밥,모듬어묵국,브로콜리카레소스,치킨까스샐러드,128
10,27,수,688,130,28,14,516,흑미밥,순두부찌개,돈육장조림,깻잎멸치볶음,78
10,28,목,688,160,28,19,481,강낭콩밥,호박수제비국,닭살데리야끼조림,매콤감자조림,88
10,29,금,688,190,28,22,448,소시지오므라이스,두부미역장국,푸실리샐러드,수제피클,60
11,01,월,688,145,28,16,499,차조밥,시락국,제육볶음,온두부,187
11,02,화,688,120,28,11,529,검정콩밥,맑은미역국,매운돈갈비찜,부들계란찜,134
11,03,수,688,128,28,9,523,흑미밥,순대국밥,사각어묵볶음,모듬야채스틱,123
11,04,목,688,137,28,18,505,완두콩밥,크림스프,등심돈까스,토마토스파게티,89
11,05,금,688,176,28,22,462,잡곡밥,떡국,동그랑땡전,오징어무침회,66
11,08,월,688,156,28,19,485,차조밥,돈육김치찌개,생선까스,어슷우엉콩조림,188
11,09,화,688,130,27,10,521,완두콩밥,해물짬뽕국,짜장소스,칠리탕수육,117
11,10,수,688,125,27,10,526,흑미밥,닭개장,비엔나브로콜리볶음,두부무조림,107
11,11,목,688,134,27,13,514,후리가케밥,모듬어묵국,깐부오징어치킨,매콤떡볶이,83
11,12,금,687,197,27,20,443,미니,잔치국수,왕만두,아삭고추된장무침,71
11,15,월,687,141,27,10,509,차조밥,맑은소고기무국,아귀콩나물찜,우엉강정,144
11,16,화,686,119,27,16,524,강낭콩밥,배추시락국,돈육고추장볶음,달콤감자조림,124
11,17,수,686,108,27,9,542,완두콩밥,미니우동,피자치즈돈까스,브로콜리맛살볶음,119
11,18,목,686,138,27,21,500,취나물밥,청양된장찌개,오징어제육볶음,참나물무생채,107
11,19,금,686,193,27,25,441,미니,잔치국수,왕만두,아삭고추된장무침,67
11,22,월,685,166,27,16,476,차조밥,얼큰콩나물국,매콤닭갈비볶음,콘치즈오븐구이,149
11,23,화,684,147,27,19,491,완두콩밥,북어미역국,브로콜리카레소스,피쉬앤칩스,136
11,24,수,684,129,27,14,514,김치볶음밥,미소된장국,갈릭마요미트볼,스크램블에그,116
11,25,목,684,125,27,13,519,강낭콩밥,홍합어묵탕,제육볶음,한식잡채,91
11,26,금,684,170,27,25,462,잡곡밥,소고기국밥,오징어부추전,도토리묵무침,55
11,29,월,684,171,27,21,465,차조밥,시락국,제육김치볶음,멸치견과류조림,145
11,30,화,684,145,27,17,495,흑미밥,떡만두국,치킨까스샐러드,사각어묵볶음,156
12,01,수,684,125,28,20,511,쌀밥,들깨미역국,나물비빔밥,돈육장조림,101
12,02,목,684,130,28,16,510,강낭콩밥,돈육김치찌개,비엔나떡볶음,깻잎멸치조림,100
12,03,금,684,200,28,41,415,훈제오리볶음밥,얼큰어묵국,로제떡볶이,단무지무침,73
12,06,월,693,147,28,16,502,차조밥,바지락무국,제육볶음,양념오뎅,169
12,07,화,692,111,28,13,540,쌀밥,파송송계란국,마파두부,맛쵸킹탕수육,135
12,08,수,691,129,28,9,525,강낭콩밥,맑은콩나물국,야채찜닭,우엉땅콩조림,109
12,09,목,691,125,28,22,516,흑미밥,참치김치찌개,야채고로케,맛살계란찜,112
12,10,금,690,199,28,33,430,미니밥,칼국수,단호박,찐만두,75
12,13,월,690,164,28,22,476,차조밥,얼큰소고기국,브로콜리비엔나볶음,우엉부추강정,155
12,14,화,690,144,28,14,504,검정콩밥,오징어콩나물국,제육두루치기,고구마맛탕,157
12,15,수,689,133,28,17,511,닭갈비볶음밥,모듬어묵국,오징어까스,그린샐러드,110
12,16,목,689,150,28,18,493,강낭콩밥,도토리묵채국,돈육김치찜,알감자버터구이,110
12,17,금,641,203,28,37,373,잡곡밥,떡국,동그랑땡전,오징어무침회,62
12,20,월,641,166,28,13,434,완두콩밥,들깨미역국,돈육찹스테이크,메쉬드포테이토,173
12,21,화,641,134,28,9,470,흑미밥,부대찌개,매콤오징어볶음,느타리버섯호박볶음,132
12,22,수,641,117,28,9,487,강낭콩밥,시락국,제육간장볶음,야채비빔만두,138
12,23,목,641,131,29,14,467,차조밥,북어무채국,표고가지탕수육,양념두부조림,138
12,24,금,641,302,29,21,289,김치볶음밥,유부장국,청양크림함박,그린샐러드,81
12,27,월,642,138,29,14,461,귀리밥,홍합어묵탕,제육볶음,온두부,183
12,28,화,642,135,29,11,467,강낭콩밥,얼큰콩나물국,뼈없는안동찜닭,연근새우깡,116
12,29,수,642,143,29,10,460,완두콩밥,크림스프,돈까스,미트스파게티,114
1,03,월,639,140,27,128,344,차조밥,떡만두국,콩나물불고기,오징어어묵무침,185
1,04,화,639,120,27,151,341,강낭콩밥,돈육김치찌개,비엔나푸실리볶음,깻잎멸치조림,162
1,05,수,639,126,27,107,379,참치마요밥버거,유부가쓰오장국,매콤국물떡볶이,모듬튀김,139
1,06,목,639,137,27,108,367,흑미밥,등뼈감자탕,계란장조림,콩나물무침,133
1,07,금,638,180,27,130,301,잡곡밥,바지락순두부찌개,생선까스,쫄면야채무침,99
1,10,월,638,138,27,51,422,강낭콩밥,얼큰소고기국,궁중떡볶이,야채고로케,157
1,11,화,638,122,27,41,448,흑미밥,시락국,제육볶음,콘치즈버터구이,175
1,12,수,638,117,27,37,457,완두콩밥,미소된장국,등심돈까스,수제비뇨끼,149
1,13,목,638,167,27,50,394,콩나물밥,냉이된장국,코다리무조림,참나물무생채,93
1,14,금,638,231,27,103,277,치킨마요덮밥,김치두부국,사각어묵볶음,감자튀김,101
1,17,월,635,163,27,78,367,차조밥,북어채계란국,제육김치볶음,호박버섯볶음,154
1,18,화,633,132,27,30,444,완두콩밥,종합어묵국,카레소스,새우까스,128
1,19,수,633,142,27,31,433,잡곡밥,바지락살미역국,닭데리야끼조림,두부무조림,116
1,20,목,633,142,27,26,438,강낭콩밥,참치김치찌개,갈릭마요미트볼,부들계란찜,101
1,21,금,633,228,27,45,333,흑미밥,순대국밥,모듬야채전,부추겉절이,94
1,24,월,632,147,28,65,392,차조밥,건새우아욱국,오징어불고기,양념오뎅,197
1,25,화,631,149,28,57,397,강낭콩밥,참치김치찌개,스크램블에그,야채비빔만두,144
1,26,수,631,140,28,56,407,잡곡밥,다슬기국,뼈없는안동찜닭,콩나물무침,127
1,27,목,631,151,28,55,397,비빔밥,청양된장찌개,돈육계란장조림,명엽채볶음,144
1,28,금,631,270,28,56,277,흑미밥,닭개장,비엔나푸실리볶음,감자조림,69
2,04,금,630,382,27,88,133,백미밥,칼국수,오징어초무침,새송이어묵조림,72
2,07,월,630,131,27,96,376,차조밥,꽃게된장국,제육두루치기,브로콜리맛살볶음,182
2,08,화,629,126,27,73,403,강낭콩밥,김치어묵국,새우까스,명엽채볶음,179
2,09,수,629,133,27,68,401,비빔밥(),들깨미역국,돈육계란장조림,땅콩멸치볶음,157
2,10,목,629,153,27,58,391,흑미밥,돈육김치찌개,해물동그랑땡전,동초무생채,126
2,11,금,628,210,27,70,321,훈제오리볶음밥,팽이미소된장국,로제떡볶이,그린샐러드,83
2,14,월,655,164,27,48,416,귀리밥,호박수제비국,제육볶음,도토리묵,166
2,15,화,655,121,28,52,454,오곡밥,돈육김치찌개,한식잡채,보름삼색나물,128
2,16,수,654,112,28,64,450,병아리콩밥,오징어무국,비엔나푸실리볶음,알감자조림,115
2,17,목,653,138,28,68,419,완두콩밥,미소된장국,순살등심돈까스,양념오뎅,121
2,18,금,654,222,28,52,352,쌀밥,가쓰오우동,매콤떡볶이,순대야채볶음,66
2,21,월,653,153,28,48,424,차조밥,부대찌개,야채계란찜,고기우엉조림,157
2,22,화,653,140,28,38,447,흑미밥,떡만두국,치킨까스샐러드,브로콜리비엔나볶음,132
2,23,수,652,137,28,37,450,병아리콩밥,북어미역국,매콤돈육떡찜,사각어묵볶음,122
2,24,목,652,155,28,77,392,완두콩밥,계란국,마파두부,깐풍기,92
2,25,금,652,205,28,54,365,취나물무밥,시락국,제육볶음,견과류멸치조림,83
2,28,월,652,332,28,55,237,차조밥,얼큰소고기국,생선까스,쫄면야채무침,61
3,02,수,652,149,28,44,431,강낭콩밥,새알미역국,뼈없는안동찜닭,돈민찌두부조림,151
3,03,목,652,122,28,58,444,흑미밥,맑은콩나물국,제육볶음,충무식오징어무침,97
3,04,금,655,197,28,29,401,미니밥,닭칼국수,찐만두,오이부추무침,81
3,07,월,655,158,28,30,439,차조밥,홍합어묵탕,제육볶음,고구마떡맛탕,179
3,08,화,655,138,28,31,458,치즈닭갈비볶음밥,맑은콩나물국,청양풍볶음우동,그린샐러드,175
3,10,목,653,179,28,54,392,흑미밥,돈육김치찌개,동그랑땡전,엄지새송이호박볶음,131
3,11,금,652,180,28,29,415,잡곡밥,떡국,모듬야채전,돈육장조림,95
3,14,월,652,167,29,26,430,차조밥,냉이들깨무국,오징어불고기,연근콩조림,109
3,15,화,652,133,30,21,468,강낭콩밥,참치김치찌개,야채비빔만두,부들계란찜,115
3,16,수,652,142,29,16,465,흑미밥,등뼈감자탕,생선까스,쫄면야채무침,117
3,17,목,651,159,29,35,428,완두콩밥,소고기미역국,미트볼라따뚜이,두부구이,106
3,18,금,651,204,28,24,395,잡곡밥,순대돼지국밥,바싹김치전,도토리묵,84
3,21,월,650,170,28,20,432,차조밥,참치김치찌개,오징어까스,마늘쫑어묵볶음,139
3,22,화,650,137,28,24,461,강낭콩밥,맑은콩나물국,야채찜닭,우엉강정,104
3,23,수,649,148,28,28,445,완두콩밥,미니우동,돈까스카레덮밥,그린샐러드,120
3,24,목,649,157,28,37,427,흑미밥,청양된장찌개,제육볶음,온두부,119
3,25,금,649,214,28,20,387,쌀밥,바지락칼국수,왕만두,도토리묵무침,75
3,28,월,649,151,28,7,463,차조밥,시락국,돈육매운찜,콘치즈구이,163
3,29,화,649,140,28,7,474,강낭콩밥,바지락순두부찌개,치킨까스샐러드,멸치땅콩볶음,107
3,30,수,649,139,28,11,471,닭갈비볶음밥,들깨미역국,굴소스볶음우동,그린샐러드,142
3,31,목,649,163,28,26,432,콩나물밥,청양된장찌개,제육볶음,동초겉절이,118
4,01,금,648,243,28,22,355,후라가케밥,미소된장국,순대떡볶이,모듬튀김,76
4,04,월,648,184,28,10,426,차조밥,감자수제비국,제육볶음,어향두부무조림,144
4,05,화,648,130,28,7,483,병아리콩밥,얼큰소고기국,야채고로케,둥근어묵볶음,115
4,06,수,648,141,29,10,468,강낭콩밥,쑥들깨국,돈육계란장조림,야채비빔만두,106
4,07,목,648,127,29,22,470,흑미밥,닭곰탕,동그랑땡엿장조림,알감자조림,90
4,08,금,645,219,29,8,389,쌀밥,잔치국수,순대야채볶음,왕만두,69
4,11,월,645,159,29,3,454,차조밥,돈육김치찌개,비엔나떡볶음,깻잎멸치볶음,128
4,12,화,645,125,29,6,485,병아리콩밥,얼큰어묵국,생선까스,실곤약무침,91
4,13,수,645,143,29,17,456,흑미밥,북어무채국,닭갈비볶음,비빔막국수,107
4,14,목,645,145,29,7,464,강낭콩밥,시락국,제육김치볶음,고구마떡맛탕,78
4,15,금,645,229,29,3,384,햄김치볶음밥,없음,청양크림함박,그린샐러드,85
4,18,월,645,140,29,4,472,차조밥,돈육김치찌개,한식잡채,오징어초무침,130
4,19,화,644,130,29,4,481,제육비빔밥,청양된장찌개,단호박,없음,130
4,20,수,643,139,29,6,469,흑미밥,바지락미역국,닭살데리야끼조림,땅콩멸치볶음,101
4,21,목,643,144,29,7,463,강낭콩밥,김치콩나물국,제육간장불고기,쫄면야채무침,94
4,22,금,642,217,29,4,392,완두콩밥,짬뽕국,짜장소스,탕수육,75
4,25,월,642,150,30,4,458,귀리밥,떡만두국,콩나물불고기,충무식오징어무침,132
4,26,화,642,122,30,8,482,취나물밥,모듬햄김치찌개,고등어엿장구이,동초무생채,125
4,27,수,642,121,30,9,482,율무밥,얼큰소고기국,시금치프리타타,마늘쫑어묵볶음,81
4,28,목,641,130,30,6,475,흑미밥,돼지순대국,바싹김치전,도토리묵야채무침,76
4,29,금,641,198,30,5,408,김밥볶음밥,유부장국,매콤달콤떡볶이,김말이,89
5,02,월,641,142,28,4,467,차조밥,북어무국,닭볶음탕,한식잡채,141
5,03,화,641,141,28,6,466,강낭콩밥,새알미역국,제육볶음,모듬쌈,124
5,04,수,641,170,28,6,437,완두콩밥,미니우동,피자돈까스,감자튀김,75
5,06,금,640,387,28,4,221,흑미밥,닭개장,브로콜리비엔나볶음,마카로니콘샐러드,58
5,09,월,640,143,28,9,460,차조밥,감자된장찌개,돈육매운찜,계란맛살볶음,138
5,10,화,640,122,28,10,480,병아리콩밥,참치김치찌개,고등어무조림,춘권,79
5,11,수,639,127,28,8,476,흑미밥,전주식콩나물국,제육볶음,부추양파무침,81
5,12,목,639,124,28,3,484,귀리밥,근대된장국,돈육계란장조림,야채비빔만두,56
5,13,금,639,177,28,5,429,후라가케밥,얼큰어묵국,로제떡볶이,순대찜,58
5,16,월,639,137,28,8,466,차조밥,북어미역국,제육김치볶음,온두부,137
5,17,화,638,107,28,4,499,병아리콩밥,바지락순두부찌개,오징어까스,야채쫄면,113
5,18,수,638,98,27,2,511,쌀밥,냉모밀국수,등심돈까스,양배추샐러드,116
5,19,목,638,121,27,4,486,흑미밥,등뼈감자탕,청양고추왕동그랑땡,도라지진미채무침,84
5,20,금,638,212,27,3,396,잡곡밥,오징어콩나물국,닭살데리야끼조림,콩알버섯어묵볶음,62
5,23,월,637,160,28,12,437,차조밥,청양된장찌개,오징어돈육볶음,콘치즈버터구이,124
5,24,화,637,125,28,6,478,병아리콩밥,콩나물냉국,뼈없는묵은지찜닭,크림떡볶이,108
5,25,수,637,145,28,3,461,카레라이스,물만두국,청양고추소시지구이,만다린샐러드,118
5,26,목,637,135,28,2,472,미니밥,닭칼국수,바싹김치전,도토리묵무침,102
5,27,금,636,214,28,5,389,베이컨김치볶음밥,유부장국,계란후라이,모듬가츠,71
5,30,월,636,160,28,6,442,차조밥,모시조개콩나물국,파채버섯불고기,브로콜리맛살볶음,119
5,31,화,643,174,28,4,437,콩나물밥,돈육김치찌개,고등어엿장구이,애기열무겉절이,96
6,02,목,642,160,28,7,447,중화덮밥,오이미역냉국,군만두,양배추샐러드,99
6,03,금,635,216,28,6,385,미니밥,손만두떡국,단호박,오징어초무침,84
6,07,화,635,135,28,4,468,차조밥,차돌된장찌개,브로콜리비엔나볶음,한식잡채,122
6,08,수,635,94,28,5,508,쭈꾸미제육비빔밥,들깨미역국,사각어묵볶음,마카로니콘샐러드,116
6,09,목,635,99,28,2,506,쌀밥,김치말이국수,메밀전병,없음,105
6,10,금,635,154,29,3,449,귀리밥,육개장,소시지달걀부침,가지볶음,65
6,13,월,635,138,30,6,461,차조밥,배추된장국,국물깻잎닭갈비,알감자조림,114
6,14,화,634,132,30,6,466,완두콩밥,계란국,마파두부소스,미트볼조랭이떡강정,115
6,15,수,632,119,30,3,480,흑미밥,도토리묵냉국,돈육김치찜,호박느타리볶음,111
6,16,목,631,137,30,6,458,쌀밥,닭고기쌀국수,핫도그,없음,104
6,17,금,631,201,30,9,391,쌀밥,영양닭죽,표고가지탕수육,아삭고추양파무침,84
6,20,월,631,144,30,7,450,흑미밥,돈육김치찌개,오징어까스,가지양파볶음,130
6,21,화,632,119,31,5,477,귀리밥,새알미역국,고추장불고기,모듬쌈,124
6,22,수,632,131,31,4,466,취나물밥,북어무국,돈육계란장조림,얼갈이겉절이,110
6,23,목,631,119,31,2,479,닭갈비볶음밥,미소된장국,굴소스볶음우동,그린샐러드,84
6,24,금,631,196,31,6,398,오징어덮밥,콩나물냉국,계란후라이,으깬감자샐러드,65
6,28,화,631,108,32,6,485,귀리밥,김치콩나물국,바싹불고기,알감자버터구이,148
6,29,수,630,122,32,7,469,병아리콩밥,닭볶음탕,야채고로케,비빔당면,136
6,30,목,630,132,32,6,460,쌀밥,물냉면,왕만두,단무지,100
7,01,금,630,180,31,4,415,흑미밥,만두육개장,청경채찜,도라지진미채무침,68
7,04,월,630,134,31,7,458,완두콩밥,참치김치찌개,뼈없는안동찜닭,깻잎멸치볶음,145
7,05,화,649,103,31,6,509,귀리밥,바지락순두부찌개,통계란떡볶이,해쉬포테이토,130
7,06,수,650,132,31,5,482,쌀밥,냉모밀국수,등심돈까스,양배추샐러드,95
7,07,목,650,120,31,3,496,강낭콩밥,물떡어묵탕,불맛제육볶음,야채비빔만두,112
7,08,금,650,213,32,5,400,차조밥,사골떡만두국,모듬야채전,오징어초무침,81
7,11,월,650,167,32,10,441,차조밥,부대찌개,돈육두부짜글이,콘치즈버터구이,156
7,12,화,649,132,32,4,481,완두콩밥,북어미역국,생선까스,쫄면야채무침,140
7,13,수,648,116,32,5,495,계란야채볶음밥,짬뽕국,짜장볶음우동,돈까스샐러드,136
7,14,목,647,143,32,7,465,병아리콩밥,가지냉국,돈육김치찜,어묵채파프리카볶음,70
7,15,금,647,217,32,9,389,찰밥,초복맞이,단호박,오징어젓갈무침,71
7,18,월,647,184,33,17,413,귀리밥,감자수제비국,콩나물불고기,충무식오징어무침,157
7,19,화,647,127,33,4,483,강낭콩밥,돈육김치찌개,고등어카레구이,우엉땅콩조림,96
7,20,수,647,134,33,12,468,흑미밥,차돌된장찌개,부들계란찜,로제떡볶이,105
7,21,목,647,142,33,4,468,쌀밥,냉잔치국수,순대야채볶음,고추양파된장무침,103
7,22,금,647,212,33,16,386,완두콩밥,오징어무국,야채듬뿍카레소스,미트볼조랭이떡강정,63
7,25,월,647,179,33,0,435,차조밥,북어무국,닭살데리야끼조림,양념오뎅,108
7,26,화,646,144,33,0,469,흑미밥,뼈없는감자탕,한식잡채,깐풍만두튀김,88
7,27,수,647,152,33,1,461,병아리콩밥,근대된장국,돈육매운찜,계란맛살볶음,99
7,28,목,647,166,33,0,448,완두콩밥,콩나물냉국,짬뽕덮밥소스,계란후라이,103
7,29,금,647,270,33,2,342,귀리밥,얼큰소고기버섯국,소시지달걀부침,도라지진미채무침,64
8,01,월,646,222,32,3,389,차조밥,부대찌개,돈육두부조림,우엉땅콩볶음,94
8,02,화,646,205,32,7,402,닭갈비볶음밥,콩나물냉국,피쉬앤칩스,그린샐러드,135
8,03,수,645,190,32,3,420,강낭콩밥,돈육김치찌개,비엔나떡볶음,깻잎멸치조림,100
8,04,목,630,166,32,3,429,흑미밥,미니모밀국수,오징어불고기,달걀두부구이,93
8,05,금,630,256,32,3,339,잡채덮밥,계란국,짜장소스,깐풍칠리만두,86
8,08,월,630,187,32,3,408,차조밥,감자된장찌개,고추장불고기,어묵피망볶음,166
8,09,화,630,159,32,3,436,취나물밥,돈육김치찌개,새우까스,애기열무겉절이,168
8,10,수,630,169,32,3,426,병아리콩밥,닭개장,메밀전병,청포묵김무침,132
8,11,목,630,173,31,3,423,완두콩밥,미소된장국,순살등심돈까스,토마토스파게티,105
8,12,금,630,244,31,3,352,쌀밥,해물칼국수,왕만두,도토리묵무침,65
8,16,화,629,220,32,3,374,귀리밥,오이미역냉국,돈육김치찜,알감자조림,152
8,17,수,629,186,32,3,408,흑미밥,모듬어묵국,치킨까스,쫄면야채무침,139
8,18,목,629,188,32,3,406,강낭콩밥,북어미역국,떡갈비새송이조림,견과류멸치볶음,92
8,19,금,628,282,32,3,311,차조밥,떡만두국,오징어야채무침,청양동그랑땡전,87
8,22,월,628,88,32,3,505,귀리밥,청양된장찌개,당면야채찜닭,가지양파볶음,182
8,23,화,627,94,32,3,498,병아리콩밥,바지락순두부찌개,불맛제육볶음,느타리버섯호박볶음,186
8,24,수,655,90,32,3,530,쭈꾸미제육비빔밥,오이미역냉국,사각어묵볶음,펜네샐러드,175
8,25,목,655,97,32,3,523,강낭콩밥,냉모밀국수,계란장조림,야채고로케,144
8,26,금,655,274,32,3,346,후리가케밥,유부장국,순대국물떡볶이,모듬튀김,63
8,29,월,654,241,32,3,378,차조밥,근대된장국,고추장불고기,비빔당면,162
8,30,화,653,198,32,3,420,취나물밥,돈육김치찌개,오징어까스,애기열무겉절이,118
8,31,수,653,179,32,3,439,흑미밥,감자수제비국,국물,마늘쫑어묵볶음,131
